{
  "name": "Demo Official Github to Lark",
  "description": "When there is a trigger event, do action",
  "version": 4,
  "private": true,
  "concurrency": 1,
  "code": {
    "number": 0,
    "provider": "github",
    "name": "new_issue",
    "as": "d73a2d3e",
    "keyword": "trigger",
    "dynamicPickListSelection": {
      "repository_owner": "Your Repository",
      "repository_name": "IntercomCanvas"
    },
    "toggleCfg": {
      "repository_owner": true,
      "repository_name": true
    },
    "input": {
      "since": "2024-01-18T00:00:00-08:00",
      "repository_owner": "JunyuBD",
      "repository_name": "IntercomCanvas"
    },
    "block": [
      {
        "number": 1,
        "provider": "lark_connector_3353663_1704406579",
        "name": "send_message",
        "as": "e2252891",
        "keyword": "action",
        "input": {
          "receive_id": "receive id",
          "msg_type": "msg type",
          "content": "{\\\"text\\\":\\\"#{_dp('{\"pill_type\":\"output\",\"provider\":\"github\",\"line\":\"d73a2d3e\",\"path\":[\"title\"]}')}-#{_dp('{\"pill_type\":\"output\",\"provider\":\"github\",\"line\":\"d73a2d3e\",\"path\":[\"body\"]}')}\\\"}",
          "uuid": "uuid"
        },
        "uuid": "84760ef1-8593-4479-93e6-bc1a12740476"
      }
    ],
    "uuid": "0ceff951-4f3e-4a7b-b79a-ab89e556c346",
    "unfinished": false
  },
  "config": [
    {
      "keyword": "application",
      "provider": "github",
      "skip_validation": false,
      "account_id": {
        "zip_name": "2222222/my_second_github_account.connection.json",
        "name": "My second GitHub account",
        "folder": "2222222"
      }
    },
    {
      "keyword": "application",
      "provider": "lark_connector_3353663_1704406579",
      "skip_validation": false,
      "account_id": {
        "zip_name": "2222222/my_third_lark_account.connection.json",
        "name": "My third Lark account",
        "folder": "2222222",
        "custom": true
      }
    }
  ]
}